Epoch,Power,Latency,Cost
0.0,1297.8621506066238,2841555.8115353514,1425.730184863503
0.0,1383.8484767821406,2019115.9803958558,1451.5550852156828
0.0,1402.6260330926511,1776968.8911427169,1442.4502773443521
0.0,1388.922534666457,1869427.0341638916,1460.2674179860699
0.0,1429.8647399696097,2857773.546222859,1390.7642498456942
0.0,1530.275672753757,1123704.1188739883,1386.7048722849677
0.0,1660.9058501484938,873254.4179740341,1544.2144235494459
0.0,1321.2051656270864,2209183.042463652,1400.359766924714
0.0,1401.83990677391,1796140.2580060763,1430.1897971600881
0.0,1346.6314861983305,1683237.739575802,1532.319364240068
0.0,1812.8651310648688,625818.373823818,1497.1298821442397
0.0,1245.829089548367,2794431.892521896,1492.411023135835
0.0,1291.6211569629636,3332408.5158265526,1461.4343205624457
1.0,1297.5620715327407,3598871.786933974,1394.610357312219
1.0,1297.8621506066238,2841555.8115353514,1425.730184863503
1.0,1383.8484767821406,2019115.9803958558,1451.5550852156828
1.0,1402.6260330926511,1776968.8911427169,1442.4502773443521
1.0,1388.922534666457,1869427.0341638916,1460.2674179860699
1.0,1429.8647399696097,2857773.546222859,1390.7642498456942
1.0,1530.275672753757,1123704.1188739883,1386.7048722849677
1.0,1660.9058501484938,873254.4179740341,1544.2144235494459
1.0,1321.2051656270864,2209183.042463652,1400.359766924714
1.0,1401.83990677391,1796140.2580060763,1430.1897971600881
1.0,1346.6314861983305,1683237.739575802,1532.319364240068
1.0,1812.8651310648688,625818.373823818,1497.1298821442397
1.0,1964.5945093308621,695938.1792514598,1485.1523821663882
1.0,1245.829089548367,2794431.892521896,1492.411023135835
1.0,1291.6211569629636,3332408.5158265526,1461.4343205624457
1.0,1755.884132294336,806085.2107003656,1482.264035178641
2.0,1297.5620715327407,3598871.786933974,1394.610357312219
2.0,1297.8621506066238,2841555.8115353514,1425.730184863503
2.0,1383.8484767821406,2019115.9803958558,1451.5550852156828
2.0,1361.061541250457,2821587.1270036106,1488.5417199880915
2.0,3203.165517775313,1133.8223462330243,1815.5432992591027
2.0,1429.8647399696097,2857773.546222859,1390.7642498456942
2.0,1530.275672753757,1123704.1188739883,1386.7048722849677
2.0,1660.9058501484938,873254.4179740341,1544.2144235494459
2.0,1401.83990677391,1796140.2580060763,1430.1897971600881
2.0,1402.6260330926511,1776968.8911427169,1442.4502773443521
2.0,1463.1995186112604,940647.9871638223,1442.132804693942
2.0,1385.2200260199968,1540541.94849592,1457.1650096236037
2.0,1361.801817220052,2435242.801088049,1482.145369844636
2.0,1346.6314861983305,1683237.739575802,1532.319364240068
2.0,1812.8651310648688,625818.373823818,1497.1298821442397
2.0,1964.5945093308621,695938.1792514598,1485.1523821663882
2.0,1245.829089548367,2794431.892521896,1492.411023135835
2.0,1291.6211569629636,3332408.5158265526,1461.4343205624457
2.0,2176.7400051635345,524673.6305469444,1592.9982567882155
2.0,1932.8080378133243,1743087.147305026,1383.0261726802366
3.0,1297.5620715327407,3598871.786933974,1394.610357312219
3.0,1297.8621506066238,2841555.8115353514,1425.730184863503
3.0,2195.2492578148735,364483.99034560216,1583.5986072432406
3.0,1383.8484767821406,2019115.9803958558,1451.5550852156828
3.0,1429.8647399696097,2857773.546222859,1390.7642498456942
3.0,3203.165517775313,1133.8223462330243,1815.5432992591027
3.0,1530.275672753757,1123704.1188739883,1386.7048722849677
3.0,1660.9058501484938,873254.4179740341,1544.2144235494459
3.0,1401.83990677391,1796140.2580060763,1430.1897971600881
3.0,1402.6260330926511,1776968.8911427169,1442.4502773443521
3.0,1463.1995186112604,940647.9871638223,1442.132804693942
3.0,3024.993047919072,1055.1465429351222,1874.518569080213
3.0,1385.2200260199968,1540541.94849592,1457.1650096236037
3.0,1361.801817220052,2435242.801088049,1482.145369844636
3.0,1812.8651310648688,625818.373823818,1497.1298821442397
3.0,1630.3065984468187,1570123.1031765286,1358.1671487268939
3.0,1964.5945093308621,695938.1792514598,1485.1523821663882
3.0,1245.829089548367,2794431.892521896,1492.411023135835
3.0,1291.6211569629636,3332408.5158265526,1461.4343205624457
3.0,2176.7400051635345,524673.6305469444,1592.9982567882155
4.0,2195.2492578148735,364483.99034560216,1583.5986072432406
4.0,1297.8621506066238,2841555.8115353514,1425.730184863503
4.0,1291.6211569629636,3332408.5158265526,1461.4343205624457
4.0,1383.8484767821406,2019115.9803958558,1451.5550852156828
4.0,3203.165517775313,1133.8223462330243,1815.5432992591027
4.0,1530.275672753757,1123704.1188739883,1386.7048722849677
4.0,1660.9058501484938,873254.4179740341,1544.2144235494459
4.0,1401.83990677391,1796140.2580060763,1430.1897971600881
4.0,1402.6260330926511,1776968.8911427169,1442.4502773443521
4.0,1463.1995186112604,940647.9871638223,1442.132804693942
4.0,3024.993047919072,1055.1465429351222,1874.518569080213
4.0,1730.5053423325194,898966.5884425616,1400.8188751915166
4.0,1385.2200260199968,1540541.94849592,1457.1650096236037
4.0,1361.801817220052,2435242.801088049,1482.145369844636
4.0,1812.8651310648688,625818.373823818,1497.1298821442397
4.0,1630.3065984468187,1570123.1031765286,1358.1671487268939
4.0,1964.5945093308621,695938.1792514598,1485.1523821663882
4.0,1245.829089548367,2794431.892521896,1492.411023135835
4.0,1420.0513985913399,1920565.0162617115,1387.8911274617822
4.0,2176.7400051635345,524673.6305469444,1592.9982567882155
4.0,1465.9879062203208,889967.329874268,1487.551685480125
5.0,1412.7851366746609,1495160.0386715308,1417.920533382752
5.0,1297.8621506066238,2841555.8115353514,1425.730184863503
5.0,1383.8484767821406,2019115.9803958558,1451.5550852156828
5.0,2195.2492578148735,364483.99034560216,1583.5986072432406
5.0,1320.393679067584,2228158.064140134,1449.2944816914764
5.0,2749.6467696916866,950.1089783079237,1881.2974290321724
5.0,1291.6211569629636,3332408.5158265526,1461.4343205624457
5.0,1530.275672753757,1123704.1188739883,1386.7048722849677
5.0,1660.9058501484938,873254.4179740341,1544.2144235494459
5.0,1401.83990677391,1796140.2580060763,1430.1897971600881
5.0,1402.6260330926511,1776968.8911427169,1442.4502773443521
5.0,1463.1995186112604,940647.9871638223,1442.132804693942
5.0,3024.993047919072,1055.1465429351222,1874.518569080213
5.0,1385.2200260199968,1540541.94849592,1457.1650096236037
5.0,1378.655272557514,2314298.3326505898,1433.0973042304174
5.0,2346.7283752885023,222876.4395324046,1610.392681343101
5.0,1964.5945093308621,695938.1792514598,1485.1523821663882
5.0,1788.890843049426,969751.1213707017,1403.6715657807842
5.0,1245.829089548367,2794431.892521896,1492.411023135835
5.0,1403.2139381598624,1819675.2627428868,1364.641208226488
5.0,2176.7400051635345,524673.6305469444,1592.9982567882155
5.0,1465.9879062203208,889967.329874268,1487.551685480125
5.0,1932.8080378133243,1743087.147305026,1383.0261726802366
6.0,1412.7851366746609,1495160.0386715308,1417.920533382752
6.0,1297.8621506066238,2841555.8115353514,1425.730184863503
6.0,1374.5512793663902,1614310.1161617918,1415.6145943676895
6.0,1539.2544422717579,720316.1099489128,1461.1314411764517
6.0,3024.993047919072,1055.1465429351222,1874.518569080213
6.0,2749.6467696916866,950.1089783079237,1881.2974290321724
6.0,3554.9724256322665,526.8004678072292,2168.0612502513814
6.0,1291.6211569629636,3332408.5158265526,1461.4343205624457
6.0,2195.2492578148735,364483.99034560216,1583.5986072432406
6.0,1530.275672753757,1123704.1188739883,1386.7048722849677
6.0,1463.1995186112604,940647.9871638223,1442.132804693942
6.0,1308.2872145241913,1463137.2195198238,1428.3599189764723
6.0,2346.7283752885023,222876.4395324046,1610.392681343101
6.0,1964.5945093308621,695938.1792514598,1485.1523821663882
6.0,1788.890843049426,969751.1213707017,1403.6715657807842
6.0,1245.829089548367,2794431.892521896,1492.411023135835
6.0,1403.2139381598624,1819675.2627428868,1364.641208226488
6.0,2176.7400051635345,524673.6305469444,1592.9982567882155
6.0,1465.9879062203208,889967.329874268,1487.551685480125
6.0,1932.8080378133243,1743087.147305026,1383.0261726802366
7.0,1412.7851366746609,1495160.0386715308,1417.920533382752
7.0,3554.9724256322665,526.8004678072292,2168.0612502513814
7.0,1374.5512793663902,1614310.1161617918,1415.6145943676895
7.0,1539.2544422717579,720316.1099489128,1461.1314411764517
7.0,1523.10811001057,880247.4391674754,1443.3784570965654
7.0,1429.8647399696097,2857773.546222859,1390.7642498456942
7.0,2195.2492578148735,364483.99034560216,1583.5986072432406
7.0,1427.399075258172,1034077.209981734,1445.1844881162467
7.0,1530.275672753757,1123704.1188739883,1386.7048722849677
7.0,2178.834075630577,398203.5463861424,1507.1720197527695
7.0,3024.993047919072,1055.1465429351222,1874.518569080213
7.0,2356.777299658915,358321.56229793746,1592.6792272838306
7.0,1308.2872145241913,1463137.2195198238,1428.3599189764723
7.0,2346.7283752885023,222876.4395324046,1610.392681343101
7.0,1491.6191705566077,1270621.4423525252,1413.6050502902915
7.0,1964.5945093308621,695938.1792514598,1485.1523821663882
7.0,1788.890843049426,969751.1213707017,1403.6715657807842
7.0,1245.829089548367,2794431.892521896,1492.411023135835
7.0,1291.6211569629636,3332408.5158265526,1461.4343205624457
7.0,1377.4271235125652,1641762.0802420757,1408.0154765141197
7.0,2176.7400051635345,524673.6305469444,1592.9982567882155
7.0,1465.9879062203208,889967.329874268,1487.551685480125
7.0,1932.8080378133243,1743087.147305026,1383.0261726802366
7.0,1440.5084292550882,2852788.4999232013,1383.250919344855
8.0,3024.993047919072,1055.1465429351222,1874.518569080213
8.0,1374.5512793663902,1614310.1161617918,1415.6145943676895
8.0,1539.2544422717579,720316.1099489128,1461.1314411764517
8.0,1523.10811001057,880247.4391674754,1443.3784570965654
8.0,1427.399075258172,1034077.209981734,1445.1844881162467
8.0,1362.1454331211653,1171093.2285199359,1445.155301598791
8.0,1530.275672753757,1123704.1188739883,1386.7048722849677
8.0,2178.834075630577,398203.5463861424,1507.1720197527695
8.0,1398.7998693643442,1874014.373890522,1376.8436709358355
8.0,2356.777299658915,358321.56229793746,1592.6792272838306
8.0,1308.2872145241913,1463137.2195198238,1428.3599189764723
8.0,2346.7283752885023,222876.4395324046,1610.392681343101
8.0,1491.6191705566077,1270621.4423525252,1413.6050502902915
8.0,1465.6780452540133,1346434.85081975,1444.884418465614
8.0,1964.5945093308621,695938.1792514598,1485.1523821663882
8.0,1788.890843049426,969751.1213707017,1403.6715657807842
8.0,1245.829089548367,2794431.892521896,1492.411023135835
8.0,1291.6211569629636,3332408.5158265526,1461.4343205624457
8.0,1377.4271235125652,1641762.0802420757,1408.0154765141197
8.0,1495.4304803930445,812506.9750719302,1469.8214287229437
8.0,1465.9879062203208,889967.329874268,1487.551685480125
8.0,1802.009597540946,853768.835355834,1321.2206085216508
9.0,1336.2129059534595,1857390.0388966,1372.2321733397143
9.0,1374.5512793663902,1614310.1161617918,1415.6145943676895
9.0,1539.2544422717579,720316.1099489128,1461.1314411764517
9.0,1523.10811001057,880247.4391674754,1443.3784570965654
9.0,1530.275672753757,1123704.1188739883,1386.7048722849677
9.0,2178.834075630577,398203.5463861424,1507.1720197527695
9.0,1362.1454331211653,1171093.2285199359,1445.155301598791
9.0,3024.993047919072,1055.1465429351222,1874.518569080213
9.0,2581.018716851429,124421.21202191884,1700.5078763732106
9.0,1427.399075258172,1034077.209981734,1445.1844881162467
9.0,1308.2872145241913,1463137.2195198238,1428.3599189764723
9.0,2346.7283752885023,222876.4395324046,1610.392681343101
9.0,1491.6191705566077,1270621.4423525252,1413.6050502902915
9.0,1465.6780452540133,1346434.85081975,1444.884418465614
9.0,1964.5945093308621,695938.1792514598,1485.1523821663882
9.0,1788.890843049426,969751.1213707017,1403.6715657807842
9.0,1245.829089548367,2794431.892521896,1492.411023135835
9.0,1291.6211569629636,3332408.5158265526,1461.4343205624457
9.0,1377.4271235125652,1641762.0802420757,1408.0154765141197
9.0,1495.4304803930445,812506.9750719302,1469.8214287229437
9.0,1465.9879062203208,889967.329874268,1487.551685480125
9.0,1802.009597540946,853768.835355834,1321.2206085216508
10.0,1336.2129059534595,1857390.0388966,1372.2321733397143
10.0,1374.5512793663902,1614310.1161617918,1415.6145943676895
10.0,1539.2544422717579,720316.1099489128,1461.1314411764517
10.0,1523.10811001057,880247.4391674754,1443.3784570965654
10.0,1530.275672753757,1123704.1188739883,1386.7048722849677
10.0,2178.834075630577,398203.5463861424,1507.1720197527695
10.0,1362.1454331211653,1171093.2285199359,1445.155301598791
10.0,3024.993047919072,1055.1465429351222,1874.518569080213
10.0,2581.018716851429,124421.21202191884,1700.5078763732106
10.0,1427.399075258172,1034077.209981734,1445.1844881162467
10.0,1308.2872145241913,1463137.2195198238,1428.3599189764723
10.0,2346.7283752885023,222876.4395324046,1610.392681343101
10.0,1491.6191705566077,1270621.4423525252,1413.6050502902915
10.0,1465.6780452540133,1346434.85081975,1444.884418465614
10.0,1964.5945093308621,695938.1792514598,1485.1523821663882
10.0,1788.890843049426,969751.1213707017,1403.6715657807842
10.0,1245.829089548367,2794431.892521896,1492.411023135835
10.0,1291.6211569629636,3332408.5158265526,1461.4343205624457
10.0,1377.4271235125652,1641762.0802420757,1408.0154765141197
10.0,1495.4304803930445,812506.9750719302,1469.8214287229437
10.0,1465.9879062203208,889967.329874268,1487.551685480125
10.0,1802.009597540946,853768.835355834,1321.2206085216508
11.0,1336.2129059534595,1857390.0388966,1372.2321733397143
11.0,1374.5512793663902,1614310.1161617918,1415.6145943676895
11.0,2857.903494695955,1204.671860005337,1846.5253734368007
11.0,1523.10811001057,880247.4391674754,1443.3784570965654
11.0,1535.6396981058685,626196.4526301894,1423.549209915652
11.0,1530.275672753757,1123704.1188739883,1386.7048722849677
11.0,2178.834075630577,398203.5463861424,1507.1720197527695
11.0,1362.1454331211653,1171093.2285199359,1445.155301598791
11.0,3024.993047919072,1055.1465429351222,1874.518569080213
11.0,2581.018716851429,124421.21202191884,1700.5078763732106
11.0,2115.3864551268525,619451.2364373252,1570.5197623796073
11.0,1427.399075258172,1034077.209981734,1445.1844881162467
11.0,1308.2872145241913,1463137.2195198238,1428.3599189764723
11.0,2346.7283752885023,222876.4395324046,1610.392681343101
11.0,1491.6191705566077,1270621.4423525252,1413.6050502902915
11.0,1465.6780452540133,1346434.85081975,1444.884418465614
11.0,1788.890843049426,969751.1213707017,1403.6715657807842
11.0,1706.7873517286985,839637.8753678338,1413.7400645259268
11.0,1291.6211569629636,3332408.5158265526,1461.4343205624457
11.0,2014.4577375751821,338135.70024701307,1593.8099004077972
11.0,1377.4271235125652,1641762.0802420757,1408.0154765141197
11.0,1495.4304803930445,812506.9750719302,1469.8214287229437
11.0,1802.009597540946,853768.835355834,1321.2206085216508
12.0,1336.2129059534595,1857390.0388966,1372.2321733397143
12.0,1374.5512793663902,1614310.1161617918,1415.6145943676895
12.0,2295.1601995620067,175339.21103224688,1689.9880632815548
12.0,1523.10811001057,880247.4391674754,1443.3784570965654
12.0,1535.6396981058685,626196.4526301894,1423.549209915652
12.0,2857.903494695955,1204.671860005337,1846.5253734368007
12.0,1530.275672753757,1123704.1188739883,1386.7048722849677
12.0,2178.834075630577,398203.5463861424,1507.1720197527695
12.0,1362.1454331211653,1171093.2285199359,1445.155301598791
12.0,3024.993047919072,1055.1465429351222,1874.518569080213
12.0,2581.018716851429,124421.21202191884,1700.5078763732106
12.0,2115.3864551268525,619451.2364373252,1570.5197623796073
12.0,1427.399075258172,1034077.209981734,1445.1844881162467
12.0,1308.2872145241913,1463137.2195198238,1428.3599189764723
12.0,2346.7283752885023,222876.4395324046,1610.392681343101
12.0,1491.6191705566077,1270621.4423525252,1413.6050502902915
12.0,1777.9972023655814,961301.8927625348,1390.583007175361
12.0,1706.7873517286985,839637.8753678338,1413.7400645259268
12.0,1291.6211569629636,3332408.5158265526,1461.4343205624457
12.0,2014.4577375751821,338135.70024701307,1593.8099004077972
12.0,1377.4271235125652,1641762.0802420757,1408.0154765141197
12.0,1495.4304803930445,812506.9750719302,1469.8214287229437
12.0,1802.009597540946,853768.835355834,1321.2206085216508
13.0,1394.814945956424,1350095.7657956518,1432.0926553061213
13.0,1336.2129059534595,1857390.0388966,1372.2321733397143
13.0,1374.5512793663902,1614310.1161617918,1415.6145943676895
13.0,2295.1601995620067,175339.21103224688,1689.9880632815548
13.0,1523.10811001057,880247.4391674754,1443.3784570965654
13.0,1535.6396981058685,626196.4526301894,1423.549209915652
13.0,2376.801389672534,247516.11810529797,1662.384993826015
13.0,1530.275672753757,1123704.1188739883,1386.7048722849677
13.0,2178.834075630577,398203.5463861424,1507.1720197527695
13.0,1362.1454331211653,1171093.2285199359,1445.155301598791
13.0,3024.993047919072,1055.1465429351222,1874.518569080213
13.0,2581.018716851429,124421.21202191884,1700.5078763732106
13.0,2115.3864551268525,619451.2364373252,1570.5197623796073
13.0,1427.399075258172,1034077.209981734,1445.1844881162467
13.0,1308.2872145241913,1463137.2195198238,1428.3599189764723
13.0,2146.830053886385,528801.6159027971,1550.7954087429055
13.0,1491.6191705566077,1270621.4423525252,1413.6050502902915
13.0,1777.9972023655814,961301.8927625348,1390.583007175361
13.0,1706.7873517286985,839637.8753678338,1413.7400645259268
13.0,1291.6211569629636,3332408.5158265526,1461.4343205624457
13.0,2014.4577375751821,338135.70024701307,1593.8099004077972
13.0,1377.4271235125652,1641762.0802420757,1408.0154765141197
13.0,1495.4304803930445,812506.9750719302,1469.8214287229437
13.0,1802.009597540946,853768.835355834,1321.2206085216508
14.0,1394.814945956424,1350095.7657956518,1432.0926553061213
14.0,1336.2129059534595,1857390.0388966,1372.2321733397143
14.0,1374.5512793663902,1614310.1161617918,1415.6145943676895
14.0,2295.1601995620067,175339.21103224688,1689.9880632815548
14.0,1535.6396981058685,626196.4526301894,1423.549209915652
14.0,2376.801389672534,247516.11810529797,1662.384993826015
14.0,1530.275672753757,1123704.1188739883,1386.7048722849677
14.0,1329.5682115431916,1474412.2502543933,1427.1639012178807
14.0,2178.834075630577,398203.5463861424,1507.1720197527695
14.0,1362.1454331211653,1171093.2285199359,1445.155301598791
14.0,3024.993047919072,1055.1465429351222,1874.518569080213
14.0,2581.018716851429,124421.21202191884,1700.5078763732106
14.0,2115.3864551268525,619451.2364373252,1570.5197623796073
14.0,1427.399075258172,1034077.209981734,1445.1844881162467
14.0,1308.2872145241913,1463137.2195198238,1428.3599189764723
14.0,2146.830053886385,528801.6159027971,1550.7954087429055
14.0,1491.6191705566077,1270621.4423525252,1413.6050502902915
14.0,1255.0354784361828,2385551.1623349753,1436.358794803343
14.0,1777.9972023655814,961301.8927625348,1390.583007175361
14.0,1706.7873517286985,839637.8753678338,1413.7400645259268
14.0,1543.6906752965547,955477.4844879878,1423.012254278842
14.0,1377.4271235125652,1641762.0802420757,1408.0154765141197
14.0,1495.4304803930445,812506.9750719302,1469.8214287229437
14.0,2929.2690204320506,1311.250263490835,1822.3478084500512
15.0,1357.7538459679383,1078912.6866600437,1492.7423461940434
15.0,1336.2129059534595,1857390.0388966,1372.2321733397143
15.0,1374.5512793663902,1614310.1161617918,1415.6145943676895
15.0,1362.8185605189683,1793872.6558026846,1422.1405219145822
15.0,1734.4803371390522,581063.0918641591,1472.488013287977
15.0,1535.6396981058685,626196.4526301894,1423.549209915652
15.0,2376.801389672534,247516.11810529797,1662.384993826015
15.0,2295.1601995620067,175339.21103224688,1689.9880632815548
15.0,1530.275672753757,1123704.1188739883,1386.7048722849677
15.0,1329.5682115431916,1474412.2502543933,1427.1639012178807
15.0,2178.834075630577,398203.5463861424,1507.1720197527695
15.0,1362.1454331211653,1171093.2285199359,1445.155301598791
15.0,3024.993047919072,1055.1465429351222,1874.518569080213
15.0,2581.018716851429,124421.21202191884,1700.5078763732106
15.0,1427.399075258172,1034077.209981734,1445.1844881162467
15.0,1308.2872145241913,1463137.2195198238,1428.3599189764723
15.0,2146.830053886385,528801.6159027971,1550.7954087429055
15.0,1491.6191705566077,1270621.4423525252,1413.6050502902915
15.0,1255.0354784361828,2385551.1623349753,1436.358794803343
15.0,1706.7873517286985,839637.8753678338,1413.7400645259268
15.0,1543.6906752965547,955477.4844879878,1423.012254278842
15.0,1377.4271235125652,1641762.0802420757,1408.0154765141197
15.0,1495.4304803930445,812506.9750719302,1469.8214287229437
15.0,2825.871904111336,1073.0132923310996,1860.5584875770146
16.0,1357.7538459679383,1078912.6866600437,1492.7423461940434
16.0,1336.2129059534595,1857390.0388966,1372.2321733397143
16.0,1374.5512793663902,1614310.1161617918,1415.6145943676895
16.0,1362.8185605189683,1793872.6558026846,1422.1405219145822
16.0,2647.8084253282627,17810.256413981202,1735.0040496652196
16.0,1535.6396981058685,626196.4526301894,1423.549209915652
16.0,2376.801389672534,247516.11810529797,1662.384993826015
16.0,2295.1601995620067,175339.21103224688,1689.9880632815548
16.0,1530.275672753757,1123704.1188739883,1386.7048722849677
16.0,1329.5682115431916,1474412.2502543933,1427.1639012178807
16.0,2178.834075630577,398203.5463861424,1507.1720197527695
16.0,1362.1454331211653,1171093.2285199359,1445.155301598791
16.0,3024.993047919072,1055.1465429351222,1874.518569080213
16.0,2581.018716851429,124421.21202191884,1700.5078763732106
16.0,2115.3864551268525,619451.2364373252,1570.5197623796073
16.0,1427.399075258172,1034077.209981734,1445.1844881162467
16.0,1308.2872145241913,1463137.2195198238,1428.3599189764723
16.0,3418.9419327634187,509.8405416804701,2169.0011605592076
16.0,1491.6191705566077,1270621.4423525252,1413.6050502902915
16.0,1255.0354784361828,2385551.1623349753,1436.358794803343
16.0,1706.7873517286985,839637.8753678338,1413.7400645259268
16.0,1543.6906752965547,955477.4844879878,1423.012254278842
16.0,1377.5269437595216,1776265.4206274627,1408.684738349821
16.0,1495.4304803930445,812506.9750719302,1469.8214287229437
16.0,2825.871904111336,1073.0132923310996,1860.5584875770146
17.0,1357.7538459679383,1078912.6866600437,1492.7423461940434
17.0,1336.2129059534595,1857390.0388966,1372.2321733397143
17.0,1374.5512793663902,1614310.1161617918,1415.6145943676895
17.0,1695.4827720935523,760700.2097093201,1420.739740469362
17.0,2178.834075630577,398203.5463861424,1507.1720197527695
17.0,1362.8185605189683,1793872.6558026846,1422.1405219145822
17.0,1540.4780597477497,621187.4330781305,1425.451348510597
17.0,1479.642983575924,1287423.7731183898,1411.7419594968549
17.0,2376.801389672534,247516.11810529797,1662.384993826015
17.0,2295.1601995620067,175339.21103224688,1689.9880632815548
17.0,1530.275672753757,1123704.1188739883,1386.7048722849677
17.0,1329.5682115431916,1474412.2502543933,1427.1639012178807
17.0,2623.507213042591,1045.226678683364,1835.2031402516716
17.0,2581.018716851429,124421.21202191884,1700.5078763732106
17.0,2115.3864551268525,619451.2364373252,1570.5197623796073
17.0,1427.399075258172,1034077.209981734,1445.1844881162467
17.0,1308.2872145241913,1463137.2195198238,1428.3599189764723
17.0,3418.9419327634187,509.8405416804701,2169.0011605592076
17.0,1491.6191705566077,1270621.4423525252,1413.6050502902915
17.0,1255.0354784361828,2385551.1623349753,1436.358794803343
17.0,1421.7646139163426,1265070.366403362,1452.7374542696414
17.0,2427.231507917308,192683.1041930438,1571.2544592709762
17.0,1706.7873517286985,839637.8753678338,1413.7400645259268
17.0,2640.748580317226,35519.72744193297,1775.5575762657347
17.0,1543.6906752965547,955477.4844879878,1423.012254278842
17.0,1377.5269437595216,1776265.4206274627,1408.684738349821
17.0,1495.4304803930445,812506.9750719302,1469.8214287229437
18.0,1357.7538459679383,1078912.6866600437,1492.7423461940434
18.0,1336.2129059534595,1857390.0388966,1372.2321733397143
18.0,1374.5512793663902,1614310.1161617918,1415.6145943676895
18.0,1695.4827720935523,760700.2097093201,1420.739740469362
18.0,2178.834075630577,398203.5463861424,1507.1720197527695
18.0,2295.1601995620067,175339.21103224688,1689.9880632815548
18.0,1540.4780597477497,621187.4330781305,1425.451348510597
18.0,1479.642983575924,1287423.7731183898,1411.7419594968549
18.0,2376.801389672534,247516.11810529797,1662.384993826015
18.0,1530.275672753757,1123704.1188739883,1386.7048722849677
18.0,1427.399075258172,1034077.209981734,1445.1844881162467
18.0,2623.507213042591,1045.226678683364,1835.2031402516716
18.0,2581.018716851429,124421.21202191884,1700.5078763732106
18.0,2115.3864551268525,619451.2364373252,1570.5197623796073
18.0,1328.0875623033041,1434233.0038432963,1424.6326303387089
18.0,3418.9419327634187,509.8405416804701,2169.0011605592076
18.0,1491.6191705566077,1270621.4423525252,1413.6050502902915
18.0,1255.0354784361828,2385551.1623349753,1436.358794803343
18.0,1421.7646139163426,1265070.366403362,1452.7374542696414
18.0,2427.231507917308,192683.1041930438,1571.2544592709762
18.0,2328.3225991836703,614819.8362950835,1467.4063156310071
18.0,1706.7873517286985,839637.8753678338,1413.7400645259268
18.0,2640.748580317226,35519.72744193297,1775.5575762657347
18.0,1543.6906752965547,955477.4844879878,1423.012254278842
18.0,1377.5269437595216,1776265.4206274627,1408.684738349821
18.0,1495.4304803930445,812506.9750719302,1469.8214287229437
18.0,2656.888044097807,1043.1128629567518,1843.4330380049337
19.0,1357.7538459679383,1078912.6866600437,1492.7423461940434
19.0,1336.2129059534595,1857390.0388966,1372.2321733397143
19.0,1374.5512793663902,1614310.1161617918,1415.6145943676895
19.0,1695.4827720935523,760700.2097093201,1420.739740469362
19.0,1495.4304803930445,812506.9750719302,1469.8214287229437
19.0,2295.1601995620067,175339.21103224688,1689.9880632815548
19.0,1540.4780597477497,621187.4330781305,1425.451348510597
19.0,2376.801389672534,247516.11810529797,1662.384993826015
19.0,1530.275672753757,1123704.1188739883,1386.7048722849677
19.0,1427.399075258172,1034077.209981734,1445.1844881162467
19.0,2178.834075630577,398203.5463861424,1507.1720197527695
19.0,2610.355196248302,926.9738720361044,1879.650310801209
19.0,1377.5269437595216,1776265.4206274627,1408.684738349821
19.0,2581.018716851429,124421.21202191884,1700.5078763732106
19.0,2115.3864551268525,619451.2364373252,1570.5197623796073
19.0,1328.0875623033041,1434233.0038432963,1424.6326303387089
19.0,3418.9419327634187,509.8405416804701,2169.0011605592076
19.0,1491.6191705566077,1270621.4423525252,1413.6050502902915
19.0,1255.0354784361828,2385551.1623349753,1436.358794803343
19.0,1421.7646139163426,1265070.366403362,1452.7374542696414
19.0,1649.333948166138,1259117.5403943686,1380.4429687285237
19.0,2328.3225991836703,614819.8362950835,1467.4063156310071
19.0,1497.6136977020496,764206.7768272534,1426.0305423747914
19.0,2633.8816179859514,156383.07676465734,1619.3694480604643
19.0,2640.748580317226,35519.72744193297,1775.5575762657347
19.0,1543.6906752965547,955477.4844879878,1423.012254278842
19.0,2656.888044097807,1043.1128629567518,1843.4330380049337
20.0,1357.7538459679383,1078912.6866600437,1492.7423461940434
20.0,1336.2129059534595,1857390.0388966,1372.2321733397143
20.0,1374.5512793663902,1614310.1161617918,1415.6145943676895
20.0,1695.4827720935523,760700.2097093201,1420.739740469362
20.0,1328.0875623033041,1434233.0038432963,1424.6326303387089
20.0,1495.4304803930445,812506.9750719302,1469.8214287229437
20.0,1540.4780597477497,621187.4330781305,1425.451348510597
20.0,2376.801389672534,247516.11810529797,1662.384993826015
20.0,2295.1601995620067,175339.21103224688,1689.9880632815548
20.0,1530.275672753757,1123704.1188739883,1386.7048722849677
20.0,2178.834075630577,398203.5463861424,1507.1720197527695
20.0,2610.355196248302,926.9738720361044,1879.650310801209
20.0,1377.5269437595216,1776265.4206274627,1408.684738349821
20.0,2581.018716851429,124421.21202191884,1700.5078763732106
20.0,1470.5406876536604,1127470.0525862807,1454.8547357178688
20.0,2115.3864551268525,619451.2364373252,1570.5197623796073
20.0,3418.9419327634187,509.8405416804701,2169.0011605592076
20.0,1491.6191705566077,1270621.4423525252,1413.6050502902915
20.0,1255.0354784361828,2385551.1623349753,1436.358794803343
20.0,1421.7646139163426,1265070.366403362,1452.7374542696414
20.0,1649.333948166138,1259117.5403943686,1380.4429687285237
20.0,2328.3225991836703,614819.8362950835,1467.4063156310071
20.0,1497.6136977020496,764206.7768272534,1426.0305423747914
20.0,2633.8816179859514,156383.07676465734,1619.3694480604643
20.0,2640.748580317226,35519.72744193297,1775.5575762657347
20.0,1543.6906752965547,955477.4844879878,1423.012254278842
20.0,2656.888044097807,1043.1128629567518,1843.4330380049337
21.0,1357.7538459679383,1078912.6866600437,1492.7423461940434
21.0,1336.2129059534595,1857390.0388966,1372.2321733397143
21.0,1374.5512793663902,1614310.1161617918,1415.6145943676895
21.0,1695.4827720935523,760700.2097093201,1420.739740469362
21.0,1328.0875623033041,1434233.0038432963,1424.6326303387089
21.0,1495.4304803930445,812506.9750719302,1469.8214287229437
21.0,1540.4780597477497,621187.4330781305,1425.451348510597
21.0,2295.1601995620067,175339.21103224688,1689.9880632815548
21.0,1530.275672753757,1123704.1188739883,1386.7048722849677
21.0,2178.834075630577,398203.5463861424,1507.1720197527695
21.0,2610.355196248302,926.9738720361044,1879.650310801209
21.0,1377.5269437595216,1776265.4206274627,1408.684738349821
21.0,2581.018716851429,124421.21202191884,1700.5078763732106
21.0,1470.5406876536604,1127470.0525862807,1454.8547357178688
21.0,2115.3864551268525,619451.2364373252,1570.5197623796073
21.0,3418.9419327634187,509.8405416804701,2169.0011605592076
21.0,1491.6191705566077,1270621.4423525252,1413.6050502902915
21.0,1255.0354784361828,2385551.1623349753,1436.358794803343
21.0,1491.452834914039,1423592.5941036579,1444.3137417054852
21.0,1649.333948166138,1259117.5403943686,1380.4429687285237
21.0,2328.3225991836703,614819.8362950835,1467.4063156310071
21.0,1497.6136977020496,764206.7768272534,1426.0305423747914
21.0,2633.8816179859514,156383.07676465734,1619.3694480604643
21.0,2640.748580317226,35519.72744193297,1775.5575762657347
21.0,1522.4116967035452,954856.5724098608,1422.7846832757748
21.0,2656.888044097807,1043.1128629567518,1843.4330380049337
21.0,1650.40373858618,795401.3578292938,1421.696667221758
22.0,2037.7005063705806,495967.47830957064,1620.2650324488864
22.0,1336.2129059534595,1857390.0388966,1372.2321733397143
22.0,1374.5512793663902,1614310.1161617918,1415.6145943676895
22.0,1695.4827720935523,760700.2097093201,1420.739740469362
22.0,1540.4780597477497,621187.4330781305,1425.451348510597
22.0,2295.1601995620067,175339.21103224688,1689.9880632815548
22.0,1828.998204232193,562396.014428428,1492.8585421756834
22.0,1530.275672753757,1123704.1188739883,1386.7048722849677
22.0,1329.5682115431916,1474412.2502543933,1427.1639012178807
22.0,2178.834075630577,398203.5463861424,1507.1720197527695
22.0,2610.355196248302,926.9738720361044,1879.650310801209
22.0,1495.4304803930445,812506.9750719302,1469.8214287229437
22.0,2581.018716851429,124421.21202191884,1700.5078763732106
22.0,1470.5406876536604,1127470.0525862807,1454.8547357178688
22.0,1376.0232027894156,1549259.2541866128,1403.4214882788933
22.0,3418.9419327634187,509.8405416804701,2169.0011605592076
22.0,1491.6191705566077,1270621.4423525252,1413.6050502902915
22.0,1255.0354784361828,2385551.1623349753,1436.358794803343
22.0,1479.6060366907195,1397541.2437907904,1443.81520727876
22.0,2328.3225991836703,614819.8362950835,1467.4063156310071
22.0,1497.6136977020496,764206.7768272534,1426.0305423747914
22.0,2633.8816179859514,156383.07676465734,1619.3694480604643
22.0,2640.748580317226,35519.72744193297,1775.5575762657347
22.0,1522.4116967035452,954856.5724098608,1422.7846832757748
22.0,2656.888044097807,1043.1128629567518,1843.4330380049337
23.0,1784.5177808629012,604307.3612163519,1424.537275483216
23.0,1336.2129059534595,1857390.0388966,1372.2321733397143
23.0,1374.5512793663902,1614310.1161617918,1415.6145943676895
23.0,1695.4827720935523,760700.2097093201,1420.739740469362
23.0,1540.4780597477497,621187.4330781305,1425.451348510597
23.0,2142.46376868802,534808.881155354,1587.016124196245
23.0,1828.998204232193,562396.014428428,1492.8585421756834
23.0,1530.275672753757,1123704.1188739883,1386.7048722849677
23.0,1329.5682115431916,1474412.2502543933,1427.1639012178807
23.0,2178.834075630577,398203.5463861424,1507.1720197527695
23.0,2610.355196248302,926.9738720361044,1879.650310801209
23.0,1495.4304803930445,812506.9750719302,1469.8214287229437
23.0,2581.018716851429,124421.21202191884,1700.5078763732106
23.0,1386.6748404232349,1728345.4352151179,1371.0983264354466
23.0,1376.0232027894156,1549259.2541866128,1403.4214882788933
23.0,3418.9419327634187,509.8405416804701,2169.0011605592076
23.0,1491.6191705566077,1270621.4423525252,1413.6050502902915
23.0,1255.0354784361828,2385551.1623349753,1436.358794803343
23.0,1479.6060366907195,1397541.2437907904,1443.81520727876
23.0,2037.7005063705806,495967.47830957064,1620.2650324488864
23.0,3500.817837692254,522.0674063828394,2163.992617477067
23.0,2633.8816179859514,156383.07676465734,1619.3694480604643
23.0,2640.748580317226,35519.72744193297,1775.5575762657347
23.0,1522.4116967035452,954856.5724098608,1422.7846832757748
23.0,2656.888044097807,1043.1128629567518,1843.4330380049337
23.0,2009.3659902660343,890191.7182300868,1397.8071977330928
24.0,3418.9419327634187,509.8405416804701,2169.0011605592076
24.0,1336.2129059534595,1857390.0388966,1372.2321733397143
24.0,1374.5512793663902,1614310.1161617918,1415.6145943676895
24.0,1695.4827720935523,760700.2097093201,1420.739740469362
24.0,1540.4780597477497,621187.4330781305,1425.451348510597
24.0,2142.46376868802,534808.881155354,1587.016124196245
24.0,1828.998204232193,562396.014428428,1492.8585421756834
24.0,1530.275672753757,1123704.1188739883,1386.7048722849677
24.0,1329.5682115431916,1474412.2502543933,1427.1639012178807
24.0,2178.834075630577,398203.5463861424,1507.1720197527695
24.0,2610.355196248302,926.9738720361044,1879.650310801209
24.0,1376.0232027894156,1549259.2541866128,1403.4214882788933
24.0,2581.018716851429,124421.21202191884,1700.5078763732106
24.0,1485.3225545676698,1617877.0256939987,1382.866415318439
24.0,2838.229474625028,1022.9679202312923,1768.011746223677
24.0,1255.0354784361828,2385551.1623349753,1436.358794803343
24.0,1479.6060366907195,1397541.2437907904,1443.81520727876
24.0,1880.7863923633204,598327.8195268592,1439.4343717686127
24.0,3500.817837692254,522.0674063828394,2163.992617477067
24.0,2565.5472594318917,141135.6936721292,1602.3949149730095
24.0,2695.3334857019213,1243.788307422567,1828.6929467166228
24.0,1522.4116967035452,954856.5724098608,1422.7846832757748
24.0,1495.4304803930445,812506.9750719302,1469.8214287229437
24.0,2037.7005063705806,495967.47830957064,1620.2650324488864
24.0,1784.5177808629012,604307.3612163519,1424.537275483216
24.0,2656.888044097807,1043.1128629567518,1843.4330380049337
24.0,2009.3659902660343,890191.7182300868,1397.8071977330928
25.0,1764.8540914856167,560581.0171108674,1448.3503711379008
25.0,1336.2129059534595,1857390.0388966,1372.2321733397143
25.0,1540.4780597477497,621187.4330781305,1425.451348510597
25.0,1374.5512793663902,1614310.1161617918,1415.6145943676895
25.0,1610.9789043979185,1000704.7992336593,1386.6764294427726
25.0,1548.5743779843406,1048988.6005351315,1384.6025850921608
25.0,2565.5472594318917,141135.6936721292,1602.3949149730095
25.0,3418.9419327634187,509.8405416804701,2169.0011605592076
25.0,1530.275672753757,1123704.1188739883,1386.7048722849677
25.0,2178.834075630577,398203.5463861424,1507.1720197527695
25.0,2610.355196248302,926.9738720361044,1879.650310801209
25.0,1376.0232027894156,1549259.2541866128,1403.4214882788933
25.0,2581.018716851429,124421.21202191884,1700.5078763732106
25.0,1485.3225545676698,1617877.0256939987,1382.866415318439
25.0,2600.209571335715,965.3006816863816,1878.7608122213167
25.0,2838.229474625028,1022.9679202312923,1768.011746223677
25.0,1255.0354784361828,2385551.1623349753,1436.358794803343
25.0,1479.6060366907195,1397541.2437907904,1443.81520727876
25.0,1880.7863923633204,598327.8195268592,1439.4343717686127
25.0,1705.6201996201312,792155.3352170433,1421.6606571890632
25.0,3500.817837692254,522.0674063828394,2163.992617477067
25.0,2031.3532489498295,477113.7507066,1530.2461520295851
25.0,1522.4116967035452,954856.5724098608,1422.7846832757748
25.0,1495.4304803930445,812506.9750719302,1469.8214287229437
25.0,1784.5177808629012,604307.3612163519,1424.537275483216
25.0,2656.888044097807,1043.1128629567518,1843.4330380049337
25.0,2009.3659902660343,890191.7182300868,1397.8071977330928
26.0,1764.8540914856167,560581.0171108674,1448.3503711379008
26.0,1336.2129059534595,1857390.0388966,1372.2321733397143
26.0,1540.4780597477497,621187.4330781305,1425.451348510597
26.0,1374.5512793663902,1614310.1161617918,1415.6145943676895
26.0,1610.9789043979185,1000704.7992336593,1386.6764294427726
26.0,3069.1547303442103,1126.8722635953645,1759.4577566475384
26.0,1548.5743779843406,1048988.6005351315,1384.6025850921608
26.0,2565.5472594318917,141135.6936721292,1602.3949149730095
26.0,3418.9419327634187,509.8405416804701,2169.0011605592076
26.0,1530.275672753757,1123704.1188739883,1386.7048722849677
26.0,1555.6510346938933,1020355.7620643829,1392.787435657209
26.0,2178.834075630577,398203.5463861424,1507.1720197527695
26.0,2610.355196248302,926.9738720361044,1879.650310801209
26.0,1376.0232027894156,1549259.2541866128,1403.4214882788933
26.0,2581.018716851429,124421.21202191884,1700.5078763732106
26.0,1485.3225545676698,1617877.0256939987,1382.866415318439
26.0,2600.209571335715,965.3006816863816,1878.7608122213167
26.0,2838.229474625028,1022.9679202312923,1768.011746223677
26.0,2630.13455740586,984.3950345033142,1846.4116615356847
26.0,1479.6060366907195,1397541.2437907904,1443.81520727876
26.0,1880.7863923633204,598327.8195268592,1439.4343717686127
26.0,1705.6201996201312,792155.3352170433,1421.6606571890632
26.0,3500.817837692254,522.0674063828394,2163.992617477067
26.0,2015.8043874636664,506230.20673499926,1514.6103571149486
26.0,2031.8492257168775,556397.0422566403,1478.461081304542
26.0,1368.3291541658596,1722139.8732437755,1384.0291003985246
26.0,1495.4304803930445,812506.9750719302,1469.8214287229437
26.0,2037.7005063705806,495967.47830957064,1620.2650324488864
26.0,1784.5177808629012,604307.3612163519,1424.537275483216
26.0,2656.888044097807,1043.1128629567518,1843.4330380049337
26.0,2009.3659902660343,890191.7182300868,1397.8071977330928
27.0,1764.8540914856167,560581.0171108674,1448.3503711379008
27.0,1336.2129059534595,1857390.0388966,1372.2321733397143
27.0,1540.4780597477497,621187.4330781305,1425.451348510597
27.0,3069.1547303442103,1126.8722635953645,1759.4577566475384
27.0,1590.271925882765,998617.8904090803,1408.5896532034324
27.0,1548.5743779843406,1048988.6005351315,1384.6025850921608
27.0,1555.6510346938933,1020355.7620643829,1392.787435657209
27.0,3418.9419327634187,509.8405416804701,2169.0011605592076
27.0,1530.275672753757,1123704.1188739883,1386.7048722849677
27.0,1838.4326127935124,449844.3592073296,1543.0914449909296
27.0,1376.0232027894156,1549259.2541866128,1403.4214882788933
27.0,2178.834075630577,398203.5463861424,1507.1720197527695
27.0,2610.355196248302,926.9738720361044,1879.650310801209
27.0,2257.5094289791264,227344.2939497418,1652.484898057109
27.0,2581.018716851429,124421.21202191884,1700.5078763732106
27.0,2838.229474625028,1022.9679202312923,1768.011746223677
27.0,2600.209571335715,965.3006816863816,1878.7608122213167
27.0,2630.13455740586,984.3950345033142,1846.4116615356847
27.0,1479.6060366907195,1397541.2437907904,1443.81520727876
27.0,1880.7863923633204,598327.8195268592,1439.4343717686127
27.0,1705.6201996201312,792155.3352170433,1421.6606571890632
27.0,3500.817837692254,522.0674063828394,2163.992617477067
27.0,2565.5472594318917,141135.6936721292,1602.3949149730095
27.0,2015.8043874636664,506230.20673499926,1514.6103571149486
27.0,2031.8492257168775,556397.0422566403,1478.461081304542
27.0,1368.3291541658596,1722139.8732437755,1384.0291003985246
27.0,1495.4304803930445,812506.9750719302,1469.8214287229437
27.0,1838.9097716248996,691239.3130463205,1371.835227149554
27.0,1784.5177808629012,604307.3612163519,1424.537275483216
27.0,2656.888044097807,1043.1128629567518,1843.4330380049337
28.0,1767.2939668232807,591367.8662901793,1452.3299623533878
28.0,1336.2129059534595,1857390.0388966,1372.2321733397143
28.0,1540.4780597477497,621187.4330781305,1425.451348510597
28.0,1548.5743779843406,1048988.6005351315,1384.6025850921608
28.0,1530.275672753757,1123704.1188739883,1386.7048722849677
28.0,3069.1547303442103,1126.8722635953645,1759.4577566475384
28.0,1828.998204232193,562396.014428428,1492.8585421756834
28.0,1555.6510346938933,1020355.7620643829,1392.787435657209
28.0,3418.9419327634187,509.8405416804701,2169.0011605592076
28.0,1441.8071720324192,993062.9431595287,1401.291705285792
28.0,1838.4326127935124,449844.3592073296,1543.0914449909296
28.0,2178.834075630577,398203.5463861424,1507.1720197527695
28.0,2610.355196248302,926.9738720361044,1879.650310801209
28.0,2257.5094289791264,227344.2939497418,1652.484898057109
28.0,2581.018716851429,124421.21202191884,1700.5078763732106
28.0,2838.229474625028,1022.9679202312923,1768.011746223677
28.0,2600.209571335715,965.3006816863816,1878.7608122213167
28.0,1376.0232027894156,1549259.2541866128,1403.4214882788933
28.0,2630.13455740586,984.3950345033142,1846.4116615356847
28.0,1515.4214210633338,1467689.0126552037,1372.3390176182795
28.0,1880.7863923633204,598327.8195268592,1439.4343717686127
28.0,1705.6201996201312,792155.3352170433,1421.6606571890632
28.0,3506.0715494415767,522.8801208325935,2166.462493715576
28.0,2565.5472594318917,141135.6936721292,1602.3949149730095
28.0,2015.8043874636664,506230.20673499926,1514.6103571149486
28.0,2031.8492257168775,556397.0422566403,1478.461081304542
28.0,1368.3291541658596,1722139.8732437755,1384.0291003985246
28.0,1495.4304803930445,812506.9750719302,1469.8214287229437
28.0,1838.9097716248996,691239.3130463205,1371.835227149554
28.0,1784.5177808629012,604307.3612163519,1424.537275483216
29.0,1767.2939668232807,591367.8662901793,1452.3299623533878
29.0,1336.2129059534595,1857390.0388966,1372.2321733397143
29.0,1540.4780597477497,621187.4330781305,1425.451348510597
29.0,1619.3488801079209,1016808.7049493301,1393.0592900445426
29.0,1530.275672753757,1123704.1188739883,1386.7048722849677
29.0,3069.1547303442103,1126.8722635953645,1759.4577566475384
29.0,1548.5743779843406,1048988.6005351315,1384.6025850921608
29.0,1539.8172702688537,1035374.371965564,1398.5252607194268
29.0,1828.998204232193,562396.014428428,1492.8585421756834
29.0,1555.6510346938933,1020355.7620643829,1392.787435657209
29.0,3418.9419327634187,509.8405416804701,2169.0011605592076
29.0,1441.8071720324192,993062.9431595287,1401.291705285792
29.0,1838.4326127935124,449844.3592073296,1543.0914449909296
29.0,2178.834075630577,398203.5463861424,1507.1720197527695
29.0,2610.355196248302,926.9738720361044,1879.650310801209
29.0,2257.5094289791264,227344.2939497418,1652.484898057109
29.0,2581.018716851429,124421.21202191884,1700.5078763732106
29.0,2838.229474625028,1022.9679202312923,1768.011746223677
29.0,2600.209571335715,965.3006816863816,1878.7608122213167
29.0,1376.0232027894156,1549259.2541866128,1403.4214882788933
29.0,2630.13455740586,984.3950345033142,1846.4116615356847
29.0,1515.4214210633338,1467689.0126552037,1372.3390176182795
29.0,1880.7863923633204,598327.8195268592,1439.4343717686127
29.0,3506.0715494415767,522.8801208325935,2166.462493715576
29.0,2565.5472594318917,141135.6936721292,1602.3949149730095
29.0,2161.3249972978,475602.9222570013,1541.645791989404
29.0,2031.8492257168775,556397.0422566403,1478.461081304542
29.0,1378.9197896757107,1762402.6967540984,1367.5056374100348
29.0,1495.4304803930445,812506.9750719302,1469.8214287229437
29.0,1838.9097716248996,691239.3130463205,1371.835227149554
29.0,1784.5177808629012,604307.3612163519,1424.537275483216
30.0,1717.972448304879,576193.7959817324,1431.8716992840489
30.0,1336.2129059534595,1857390.0388966,1372.2321733397143
30.0,1526.1845994804014,613976.0136210666,1412.5681935017249
30.0,1619.3488801079209,1016808.7049493301,1393.0592900445426
30.0,1586.7333557746788,988265.2145644311,1403.4695759070237
30.0,3069.1547303442103,1126.8722635953645,1759.4577566475384
30.0,1548.5743779843406,1048988.6005351315,1384.6025850921608
30.0,1539.8172702688537,1035374.371965564,1398.5252607194268
30.0,2046.6622343548745,563277.3553259223,1501.2915794071084
30.0,1555.6510346938933,1020355.7620643829,1392.787435657209
30.0,1785.4098586143648,564279.3658076306,1515.1374747999241
30.0,2957.9477690514595,73444.97094897451,1708.9320547854795
30.0,1441.8071720324192,993062.9431595287,1401.291705285792
30.0,1838.4326127935124,449844.3592073296,1543.0914449909296
30.0,2178.834075630577,398203.5463861424,1507.1720197527695
30.0,2610.355196248302,926.9738720361044,1879.650310801209
30.0,2257.5094289791264,227344.2939497418,1652.484898057109
30.0,2581.018716851429,124421.21202191884,1700.5078763732106
30.0,2838.229474625028,1022.9679202312923,1768.011746223677
30.0,2600.209571335715,965.3006816863816,1878.7608122213167
30.0,1376.0232027894156,1549259.2541866128,1403.4214882788933
30.0,3418.9419327634187,509.8405416804701,2169.0011605592076
30.0,2630.13455740586,984.3950345033142,1846.4116615356847
30.0,1515.4214210633338,1467689.0126552037,1372.3390176182795
30.0,3506.0715494415767,522.8801208325935,2166.462493715576
30.0,2565.5472594318917,141135.6936721292,1602.3949149730095
30.0,1838.9097716248996,691239.3130463205,1371.835227149554
30.0,1378.9197896757107,1762402.6967540984,1367.5056374100348
30.0,1495.4304803930445,812506.9750719302,1469.8214287229437
30.0,2034.5508294682102,307917.4279095063,1546.9116696544397
30.0,2110.164121430331,302627.8986890462,1574.0657702635892
31.0,1717.972448304879,576193.7959817324,1431.8716992840489
31.0,1336.2129059534595,1857390.0388966,1372.2321733397143
31.0,1526.1845994804014,613976.0136210666,1412.5681935017249
31.0,2180.1536864698596,273014.4185564866,1535.4714046703853
31.0,1539.8172702688537,1035374.371965564,1398.5252607194268
31.0,3069.1547303442103,1126.8722635953645,1759.4577566475384
31.0,1548.5743779843406,1048988.6005351315,1384.6025850921608
31.0,2046.6622343548745,563277.3553259223,1501.2915794071084
31.0,1555.6510346938933,1020355.7620643829,1392.787435657209
31.0,1678.6058391135589,666845.2024778925,1406.1429233710596
31.0,1441.8071720324192,993062.9431595287,1401.291705285792
31.0,1838.4326127935124,449844.3592073296,1543.0914449909296
31.0,2178.834075630577,398203.5463861424,1507.1720197527695
31.0,2610.355196248302,926.9738720361044,1879.650310801209
31.0,2257.5094289791264,227344.2939497418,1652.484898057109
31.0,2581.018716851429,124421.21202191884,1700.5078763732106
31.0,2600.209571335715,965.3006816863816,1878.7608122213167
31.0,2635.4252933881994,945.1441169804046,1848.6854318047137
31.0,1376.0232027894156,1549259.2541866128,1403.4214882788933
31.0,3418.9419327634187,509.8405416804701,2169.0011605592076
31.0,2838.229474625028,1022.9679202312923,1768.011746223677
31.0,2630.13455740586,984.3950345033142,1846.4116615356847
31.0,1515.4214210633338,1467689.0126552037,1372.3390176182795
31.0,3506.0715494415767,522.8801208325935,2166.462493715576
31.0,2565.5472594318917,141135.6936721292,1602.3949149730095
31.0,1378.9197896757107,1762402.6967540984,1367.5056374100348
31.0,1495.4304803930445,812506.9750719302,1469.8214287229437
31.0,1838.9097716248996,691239.3130463205,1371.835227149554
31.0,2034.5508294682102,307917.4279095063,1546.9116696544397
31.0,2110.164121430331,302627.8986890462,1574.0657702635892
32.0,1592.4475715704698,1128895.0643798646,1392.5786364027852
32.0,1336.2129059534595,1857390.0388966,1372.2321733397143
32.0,1441.8071720324192,993062.9431595287,1401.291705285792
32.0,2180.1536864698596,273014.4185564866,1535.4714046703853
32.0,1539.8172702688537,1035374.371965564,1398.5252607194268
32.0,3069.1547303442103,1126.8722635953645,1759.4577566475384
32.0,1683.446158822273,1351077.4407708375,1389.588938521265
32.0,1526.1845994804014,613976.0136210666,1412.5681935017249
32.0,1717.972448304879,576193.7959817324,1431.8716992840489
32.0,2046.6622343548745,563277.3553259223,1501.2915794071084
32.0,1555.6510346938933,1020355.7620643829,1392.787435657209
32.0,1678.6058391135589,666845.2024778925,1406.1429233710596
32.0,1838.4326127935124,449844.3592073296,1543.0914449909296
32.0,2699.9689477217007,3349.552720922089,1797.4495440897585
32.0,2178.834075630577,398203.5463861424,1507.1720197527695
32.0,2610.355196248302,926.9738720361044,1879.650310801209
32.0,2288.3706857477055,249391.6461992614,1621.4038976026832
32.0,2581.018716851429,124421.21202191884,1700.5078763732106
32.0,2365.4669739887036,824.1996083185768,1910.3534781589378
32.0,2635.4252933881994,945.1441169804046,1848.6854318047137
32.0,1376.0232027894156,1549259.2541866128,1403.4214882788933
32.0,3418.9419327634187,509.8405416804701,2169.0011605592076
32.0,2838.229474625028,1022.9679202312923,1768.011746223677
32.0,2630.13455740586,984.3950345033142,1846.4116615356847
32.0,1575.210090922406,1180139.3269428192,1389.6599821030504
32.0,1515.4214210633338,1467689.0126552037,1372.3390176182795
32.0,3506.0715494415767,522.8801208325935,2166.462493715576
32.0,2565.5472594318917,141135.6936721292,1602.3949149730095
32.0,1378.9197896757107,1762402.6967540984,1367.5056374100348
32.0,1495.4304803930445,812506.9750719302,1469.8214287229437
32.0,1838.9097716248996,691239.3130463205,1371.835227149554
32.0,2034.5508294682102,307917.4279095063,1546.9116696544397
32.0,1979.837530630841,454679.6755788317,1507.7109967905387
33.0,1872.7425142081051,352832.1863820156,1501.1724004478049
33.0,1308.618337634996,1359881.9425933228,1366.074331035139
33.0,1484.7330497105752,1020477.6436179453,1396.35742962778
33.0,1530.155007148452,983175.2042583982,1387.435004691721
33.0,3069.1547303442103,1126.8722635953645,1759.4577566475384
33.0,1526.1845994804014,613976.0136210666,1412.5681935017249
33.0,1717.972448304879,576193.7959817324,1431.8716992840489
33.0,1678.6058391135589,666845.2024778925,1406.1429233710596
33.0,2180.1536864698596,273014.4185564866,1535.4714046703853
33.0,1492.4608601494517,1037936.3212119206,1394.7342471648915
33.0,1838.4326127935124,449844.3592073296,1543.0914449909296
33.0,2699.9689477217007,3349.552720922089,1797.4495440897585
33.0,2610.355196248302,926.9738720361044,1879.650310801209
33.0,2288.3706857477055,249391.6461992614,1621.4038976026832
33.0,2581.018716851429,124421.21202191884,1700.5078763732106
33.0,2365.4669739887036,824.1996083185768,1910.3534781589378
33.0,2635.4252933881994,945.1441169804046,1848.6854318047137
33.0,3418.9419327634187,509.8405416804701,2169.0011605592076
33.0,2838.229474625028,1022.9679202312923,1768.011746223677
33.0,2630.13455740586,984.3950345033142,1846.4116615356847
33.0,3506.0715494415767,522.8801208325935,2166.462493715576
33.0,2565.5472594318917,141135.6936721292,1602.3949149730095
33.0,2665.8673377177042,781.7645831026294,1936.1564353669373
33.0,2901.8992556123326,8210.164524641807,1717.0866994436794
33.0,1495.4304803930445,812506.9750719302,1469.8214287229437
33.0,1838.9097716248996,691239.3130463205,1371.835227149554
33.0,2034.5508294682102,307917.4279095063,1546.9116696544397
33.0,1411.6429925420598,2504927.777786795,1357.5865318161382
34.0,1872.7425142081051,352832.1863820156,1501.1724004478049
34.0,1308.618337634996,1359881.9425933228,1366.074331035139
34.0,1484.7330497105752,1020477.6436179453,1396.35742962778
34.0,1530.155007148452,983175.2042583982,1387.435004691721
34.0,3069.1547303442103,1126.8722635953645,1759.4577566475384
34.0,1526.1845994804014,613976.0136210666,1412.5681935017249
34.0,1717.972448304879,576193.7959817324,1431.8716992840489
34.0,1678.6058391135589,666845.2024778925,1406.1429233710596
34.0,2180.1536864698596,273014.4185564866,1535.4714046703853
34.0,1492.8388982941847,1040239.7180975284,1394.8453482898985
34.0,1838.4326127935124,449844.3592073296,1543.0914449909296
34.0,2699.9689477217007,3349.552720922089,1797.4495440897585
34.0,2610.355196248302,926.9738720361044,1879.650310801209
34.0,2365.4669739887036,824.1996083185768,1910.3534781589378
34.0,3506.0715494415767,522.8801208325935,2166.462493715576
34.0,2288.3706857477055,249391.6461992614,1621.4038976026832
34.0,3418.9419327634187,509.8405416804701,2169.0011605592076
34.0,2635.4252933881994,945.1441169804046,1848.6854318047137
34.0,2838.229474625028,1022.9679202312923,1768.011746223677
34.0,2630.13455740586,984.3950345033142,1846.4116615356847
34.0,2521.4361464007284,120917.6475928823,1586.2003915963226
34.0,2665.8673377177042,781.7645831026294,1936.1564353669373
34.0,1495.4304803930445,812506.9750719302,1469.8214287229437
34.0,1838.9097716248996,691239.3130463205,1371.835227149554
34.0,2034.5508294682102,307917.4279095063,1546.9116696544397
34.0,1411.6429925420598,2504927.777786795,1357.5865318161382
35.0,1872.7425142081051,352832.1863820156,1501.1724004478049
35.0,1308.618337634996,1359881.9425933228,1366.074331035139
35.0,1484.7330497105752,1020477.6436179453,1396.35742962778
35.0,1530.155007148452,983175.2042583982,1387.435004691721
35.0,3069.1547303442103,1126.8722635953645,1759.4577566475384
35.0,1526.1845994804014,613976.0136210666,1412.5681935017249
35.0,1717.972448304879,576193.7959817324,1431.8716992840489
35.0,1927.431368273156,446674.79756865406,1489.6488798010985
35.0,2180.1536864698596,273014.4185564866,1535.4714046703853
35.0,1838.4326127935124,449844.3592073296,1543.0914449909296
35.0,2699.9689477217007,3349.552720922089,1797.4495440897585
35.0,2610.355196248302,926.9738720361044,1879.650310801209
35.0,3418.9419327634187,509.8405416804701,2169.0011605592076
35.0,3506.0715494415767,522.8801208325935,2166.462493715576
35.0,2288.3706857477055,249391.6461992614,1621.4038976026832
35.0,2666.765680081764,120571.88925645198,1713.4118077809478
35.0,2365.4669739887036,824.1996083185768,1910.3534781589378
35.0,2838.229474625028,1022.9679202312923,1768.011746223677
35.0,2630.13455740586,984.3950345033142,1846.4116615356847
35.0,2521.4361464007284,120917.6475928823,1586.2003915963226
35.0,2665.8673377177042,781.7645831026294,1936.1564353669373
35.0,2484.75215989296,243074.93420428009,1586.0390174654733
35.0,1495.4304803930445,812506.9750719302,1469.8214287229437
35.0,2034.5508294682102,307917.4279095063,1546.9116696544397
35.0,1411.6429925420598,2504927.777786795,1357.5865318161382
36.0,1308.618337634996,1359881.9425933228,1366.074331035139
36.0,1484.7330497105752,1020477.6436179453,1396.35742962778
36.0,1530.155007148452,983175.2042583982,1387.435004691721
36.0,3069.1547303442103,1126.8722635953645,1759.4577566475384
36.0,1872.7425142081051,352832.1863820156,1501.1724004478049
36.0,1526.1845994804014,613976.0136210666,1412.5681935017249
36.0,1717.972448304879,576193.7959817324,1431.8716992840489
36.0,1841.593535625077,455277.72270081437,1485.319048808642
36.0,1927.431368273156,446674.79756865406,1489.6488798010985
36.0,2180.1536864698596,273014.4185564866,1535.4714046703853
36.0,1838.4326127935124,449844.3592073296,1543.0914449909296
36.0,2699.9689477217007,3349.552720922089,1797.4495440897585
36.0,2610.355196248302,926.9738720361044,1879.650310801209
36.0,2329.5047875549667,133680.32814017107,1692.5983205157306
36.0,3506.0715494415767,522.8801208325935,2166.462493715576
36.0,2288.3706857477055,249391.6461992614,1621.4038976026832
36.0,2965.4959392090436,28881.3200218118,1778.231613700452
36.0,2365.4669739887036,824.1996083185768,1910.3534781589378
36.0,2666.765680081764,120571.88925645198,1713.4118077809478
36.0,3418.9419327634187,509.8405416804701,2169.0011605592076
36.0,2877.867653088847,1000.6127973001308,1799.731967743382
36.0,2630.13455740586,984.3950345033142,1846.4116615356847
36.0,2521.4361464007284,120917.6475928823,1586.2003915963226
36.0,2665.8673377177042,781.7645831026294,1936.1564353669373
36.0,2718.9856218989758,1298.1944797267436,1826.2691947750923
36.0,2484.75215989296,243074.93420428009,1586.0390174654733
36.0,1495.4304803930445,812506.9750719302,1469.8214287229437
36.0,2034.5508294682102,307917.4279095063,1546.9116696544397
36.0,1411.6429925420598,2504927.777786795,1357.5865318161382
37.0,1461.1513093501976,1270659.3107143696,1372.8655696077478
37.0,1308.618337634996,1359881.9425933228,1366.074331035139
37.0,1484.7330497105752,1020477.6436179453,1396.35742962778
37.0,1530.155007148452,983175.2042583982,1387.435004691721
37.0,1872.7425142081051,352832.1863820156,1501.1724004478049
37.0,1526.1845994804014,613976.0136210666,1412.5681935017249
37.0,1717.972448304879,576193.7959817324,1431.8716992840489
37.0,1841.593535625077,455277.72270081437,1485.319048808642
37.0,1927.431368273156,446674.79756865406,1489.6488798010985
37.0,2180.1536864698596,273014.4185564866,1535.4714046703853
37.0,1838.4326127935124,449844.3592073296,1543.0914449909296
37.0,2699.9689477217007,3349.552720922089,1797.4495440897585
37.0,2610.355196248302,926.9738720361044,1879.650310801209
37.0,2329.5047875549667,133680.32814017107,1692.5983205157306
37.0,3506.0715494415767,522.8801208325935,2166.462493715576
37.0,2288.3706857477055,249391.6461992614,1621.4038976026832
37.0,2965.4959392090436,28881.3200218118,1778.231613700452
37.0,2365.4669739887036,824.1996083185768,1910.3534781589378
37.0,2666.765680081764,120571.88925645198,1713.4118077809478
37.0,3418.9419327634187,509.8405416804701,2169.0011605592076
37.0,2877.867653088847,1000.6127973001308,1799.731967743382
37.0,2630.13455740586,984.3950345033142,1846.4116615356847
37.0,2521.4361464007284,120917.6475928823,1586.2003915963226
37.0,2665.8673377177042,781.7645831026294,1936.1564353669373
37.0,2718.9856218989758,1298.1944797267436,1826.2691947750923
37.0,2484.75215989296,243074.93420428009,1586.0390174654733
37.0,1495.4304803930445,812506.9750719302,1469.8214287229437
37.0,2034.5508294682102,307917.4279095063,1546.9116696544397
37.0,1411.6429925420598,2504927.777786795,1357.5865318161382
38.0,1461.1513093501976,1270659.3107143696,1372.8655696077478
38.0,1308.618337634996,1359881.9425933228,1366.074331035139
38.0,1484.7330497105752,1020477.6436179453,1396.35742962778
38.0,1530.155007148452,983175.2042583982,1387.435004691721
38.0,1872.7425142081051,352832.1863820156,1501.1724004478049
38.0,1526.1845994804014,613976.0136210666,1412.5681935017249
38.0,1561.507771093151,930834.3458602057,1381.7815295993444
38.0,1841.593535625077,455277.72270081437,1485.319048808642
38.0,1927.431368273156,446674.79756865406,1489.6488798010985
38.0,2180.1536864698596,273014.4185564866,1535.4714046703853
38.0,1838.4326127935124,449844.3592073296,1543.0914449909296
38.0,2699.9689477217007,3349.552720922089,1797.4495440897585
38.0,2416.112080056637,266688.08343296434,1612.111654453549
38.0,2610.355196248302,926.9738720361044,1879.650310801209
38.0,2329.5047875549667,133680.32814017107,1692.5983205157306
38.0,2288.3706857477055,249391.6461992614,1621.4038976026832
38.0,2965.4959392090436,28881.3200218118,1778.231613700452
38.0,2365.4669739887036,824.1996083185768,1910.3534781589378
38.0,2666.765680081764,120571.88925645198,1713.4118077809478
38.0,3418.9419327634187,509.8405416804701,2169.0011605592076
38.0,2877.867653088847,1000.6127973001308,1799.731967743382
38.0,2630.13455740586,984.3950345033142,1846.4116615356847
38.0,1783.975670573534,596015.3860451716,1434.2607329510224
38.0,3506.0715494415767,522.8801208325935,2166.462493715576
38.0,2521.4361464007284,120917.6475928823,1586.2003915963226
38.0,2665.8673377177042,781.7645831026294,1936.1564353669373
38.0,2718.9856218989758,1298.1944797267436,1826.2691947750923
38.0,2484.75215989296,243074.93420428009,1586.0390174654733
38.0,1495.4304803930445,812506.9750719302,1469.8214287229437
38.0,2034.5508294682102,307917.4279095063,1546.9116696544397
38.0,3365.1942314076114,2413.2511300056112,1794.0464335270217
39.0,1461.1513093501976,1270659.3107143696,1372.8655696077478
39.0,1308.618337634996,1359881.9425933228,1366.074331035139
39.0,1484.7330497105752,1020477.6436179453,1396.35742962778
39.0,1530.155007148452,983175.2042583982,1387.435004691721
39.0,1911.9129846045128,331863.32584242226,1523.5851585976347
39.0,1526.1845994804014,613976.0136210666,1412.5681935017249
39.0,1561.507771093151,930834.3458602057,1381.7815295993444
39.0,1841.593535625077,455277.72270081437,1485.319048808642
39.0,1927.431368273156,446674.79756865406,1489.6488798010985
39.0,2180.1536864698596,273014.4185564866,1535.4714046703853
39.0,1838.4326127935124,449844.3592073296,1543.0914449909296
39.0,2921.202006532817,862.3969347622896,1380.2314752391603
39.0,2416.112080056637,266688.08343296434,1612.111654453549
39.0,2610.355196248302,926.9738720361044,1879.650310801209
39.0,2329.5047875549667,133680.32814017107,1692.5983205157306
39.0,2062.100134268256,369157.32033685,1503.4802668734358
39.0,2288.3706857477055,249391.6461992614,1621.4038976026832
39.0,2365.4669739887036,824.1996083185768,1910.3534781589378
39.0,2666.765680081764,120571.88925645198,1713.4118077809478
39.0,3418.9419327634187,509.8405416804701,2169.0011605592076
39.0,2877.867653088847,1000.6127973001308,1799.731967743382
39.0,2630.13455740586,984.3950345033142,1846.4116615356847
39.0,1783.975670573534,596015.3860451716,1434.2607329510224
39.0,3506.0715494415767,522.8801208325935,2166.462493715576
39.0,2521.4361464007284,120917.6475928823,1586.2003915963226
39.0,3594.14504678907,525.2963551779155,2165.054208593868
39.0,2718.9856218989758,1298.1944797267436,1826.2691947750923
39.0,2484.75215989296,243074.93420428009,1586.0390174654733
39.0,2550.4132454879914,40600.46107250799,1752.7988542211297
39.0,2034.5508294682102,307917.4279095063,1546.9116696544397
40.0,1461.1513093501976,1270659.3107143696,1372.8655696077478
40.0,1308.618337634996,1359881.9425933228,1366.074331035139
40.0,1484.7330497105752,1020477.6436179453,1396.35742962778
40.0,1530.155007148452,983175.2042583982,1387.435004691721
40.0,1561.507771093151,930834.3458602057,1381.7815295993444
40.0,1911.9129846045128,331863.32584242226,1523.5851585976347
40.0,1526.1845994804014,613976.0136210666,1412.5681935017249
40.0,1841.593535625077,455277.72270081437,1485.319048808642
40.0,1927.431368273156,446674.79756865406,1489.6488798010985
40.0,2180.1536864698596,273014.4185564866,1535.4714046703853
40.0,1838.4326127935124,449844.3592073296,1543.0914449909296
40.0,2921.202006532817,862.3969347622896,1380.2314752391603
40.0,2416.112080056637,266688.08343296434,1612.111654453549
40.0,2610.355196248302,926.9738720361044,1879.650310801209
40.0,2329.5047875549667,133680.32814017107,1692.5983205157306
40.0,2062.100134268256,369157.32033685,1503.4802668734358
40.0,2288.3706857477055,249391.6461992614,1621.4038976026832
40.0,3540.0590786953426,505.2572924115274,2171.217836615389
40.0,2453.878357377876,242157.8509938057,1559.4285207922123
40.0,2877.867653088847,1000.6127973001308,1799.731967743382
40.0,2630.13455740586,984.3950345033142,1846.4116615356847
40.0,2474.5103205438713,92486.61097913323,1740.8774231146754
40.0,2791.297015008923,675.9556911325117,1969.7835344533767
40.0,1783.975670573534,596015.3860451716,1434.2607329510224
40.0,3506.0715494415767,522.8801208325935,2166.462493715576
40.0,2521.4361464007284,120917.6475928823,1586.2003915963226
40.0,3594.14504678907,525.2963551779155,2165.054208593868
40.0,2718.9856218989758,1298.1944797267436,1826.2691947750923
40.0,2550.4132454879914,40600.46107250799,1752.7988542211297
40.0,2034.5508294682102,307917.4279095063,1546.9116696544397
41.0,1461.1513093501976,1270659.3107143696,1372.8655696077478
41.0,1308.618337634996,1359881.9425933228,1366.074331035139
41.0,1484.7330497105752,1020477.6436179453,1396.35742962778
41.0,1530.155007148452,983175.2042583982,1387.435004691721
41.0,1561.507771093151,930834.3458602057,1381.7815295993444
41.0,1911.9129846045128,331863.32584242226,1523.5851585976347
41.0,1526.1845994804014,613976.0136210666,1412.5681935017249
41.0,1841.593535625077,455277.72270081437,1485.319048808642
41.0,1927.431368273156,446674.79756865406,1489.6488798010985
41.0,2180.1536864698596,273014.4185564866,1535.4714046703853
41.0,2460.868083825159,641.5063739437621,1199.0663049167686
41.0,2416.112080056637,266688.08343296434,1612.111654453549
41.0,2329.5047875549667,133680.32814017107,1692.5983205157306
41.0,2288.3706857477055,249391.6461992614,1621.4038976026832
41.0,3174.2464739961692,610.6392448942765,2073.1336390483593
41.0,3540.0590786953426,505.2572924115274,2171.217836615389
41.0,2453.878357377876,242157.8509938057,1559.4285207922123
41.0,1783.975670573534,596015.3860451716,1434.2607329510224
41.0,3506.0715494415767,522.8801208325935,2166.462493715576
41.0,3594.14504678907,525.2963551779155,2165.054208593868
41.0,2034.5508294682102,307917.4279095063,1546.9116696544397
42.0,1911.9129846045128,331863.32584242226,1523.5851585976347
42.0,1308.618337634996,1359881.9425933228,1366.074331035139
42.0,1461.1513093501976,1270659.3107143696,1372.8655696077478
42.0,1530.155007148452,983175.2042583982,1387.435004691721
42.0,1561.507771093151,930834.3458602057,1381.7815295993444
42.0,1526.1845994804014,613976.0136210666,1412.5681935017249
42.0,1841.593535625077,455277.72270081437,1485.319048808642
42.0,1927.431368273156,446674.79756865406,1489.6488798010985
42.0,2180.1536864698596,273014.4185564866,1535.4714046703853
42.0,2460.868083825159,641.5063739437621,1199.0663049167686
42.0,2416.112080056637,266688.08343296434,1612.111654453549
42.0,2329.5047875549667,133680.32814017107,1692.5983205157306
42.0,3174.2464739961692,610.6392448942765,2073.1336390483593
42.0,3540.0590786953426,505.2572924115274,2171.217836615389
42.0,1783.975670573534,596015.3860451716,1434.2607329510224
42.0,3506.0715494415767,522.8801208325935,2166.462493715576
42.0,3594.14504678907,525.2963551779155,2165.054208593868
42.0,2034.5508294682102,307917.4279095063,1546.9116696544397
43.0,1266.6616806712232,397.6054528871106,788.2550840209037
44.0,1266.6616806712232,397.6054528871106,788.2550840209037
45.0,1266.6616806712232,397.6054528871106,788.2550840209037
46.0,1266.6616806712232,397.6054528871106,788.2550840209037
47.0,1266.6616806712232,397.6054528871106,788.2550840209037
48.0,1266.6616806712232,397.6054528871106,788.2550840209037
49.0,1266.6616806712232,397.6054528871106,788.2550840209037
50.0,1266.6616806712232,397.6054528871106,788.2550840209037
51.0,1266.6616806712232,397.6054528871106,788.2550840209037
52.0,1266.6616806712232,397.6054528871106,788.2550840209037
52.0,1722.8896895202488,357.1505596552345,2197.1062580562566
53.0,1266.6616806712232,397.6054528871106,788.2550840209037
53.0,1722.8896895202488,357.1505596552345,2197.1062580562566
54.0,1266.6616806712232,397.6054528871106,788.2550840209037
54.0,1722.8896895202488,357.1505596552345,2197.1062580562566
55.0,1266.6616806712232,397.6054528871106,788.2550840209037
55.0,1722.8896895202488,357.1505596552345,2197.1062580562566
56.0,1266.6616806712232,397.6054528871106,788.2550840209037
56.0,1722.8896895202488,357.1505596552345,2197.1062580562566
57.0,1272.568136634677,399.3990235169982,804.6723212344391
57.0,1722.8896895202488,357.1505596552345,2197.1062580562566
58.0,1272.568136634677,399.3990235169982,804.6723212344391
58.0,1269.9705734788793,421.13508437860446,799.0797999281629
58.0,1722.8896895202488,357.1505596552345,2197.1062580562566
58.0,1710.2155507098983,364.3132272891074,2197.404303866243
59.0,1272.568136634677,399.3990235169982,804.6723212344391
59.0,1269.9705734788793,421.13508437860446,799.0797999281629
59.0,1711.876789860702,356.7214106890957,2197.599357304489
59.0,1710.2155507098983,364.3132272891074,2197.404303866243
60.0,1272.568136634677,399.3990235169982,804.6723212344391
60.0,1269.9705734788793,421.13508437860446,799.0797999281629
60.0,1711.876789860702,356.7214106890957,2197.599357304489
60.0,1710.2155507098983,364.3132272891074,2197.404303866243
61.0,1272.568136634677,399.3990235169982,804.6723212344391
61.0,1269.9705734788793,421.13508437860446,799.0797999281629
61.0,1711.876789860702,356.7214106890957,2197.599357304489
61.0,1710.2155507098983,364.3132272891074,2197.404303866243
62.0,1272.568136634677,399.3990235169982,804.6723212344391
62.0,1269.9705734788793,421.13508437860446,799.0797999281629
62.0,1711.876789860702,356.7214106890957,2197.599357304489
62.0,1710.2155507098983,364.3132272891074,2197.404303866243
63.0,1272.568136634677,399.3990235169982,804.6723212344391
63.0,1269.9705734788793,421.13508437860446,799.0797999281629
63.0,1274.7911593694853,419.7828939568227,803.3090779045943
63.0,1711.876789860702,356.7214106890957,2197.599357304489
63.0,1710.2155507098983,364.3132272891074,2197.404303866243
64.0,1272.568136634677,399.3990235169982,804.6723212344391
64.0,1269.9705734788793,421.13508437860446,799.0797999281629
64.0,1274.7911593694853,419.7828939568227,803.3090779045943
64.0,1711.876789860702,356.7214106890957,2197.599357304489
64.0,1710.2155507098983,364.3132272891074,2197.404303866243
65.0,1272.568136634677,399.3990235169982,804.6723212344391
65.0,1269.9705734788793,421.13508437860446,799.0797999281629
65.0,1274.7911593694853,419.7828939568227,803.3090779045943
65.0,1711.876789860702,356.7214106890957,2197.599357304489
65.0,1710.2155507098983,364.3132272891074,2197.404303866243
66.0,1272.568136634677,399.3990235169982,804.6723212344391
66.0,1269.9705734788793,421.13508437860446,799.0797999281629
66.0,1273.6758405513667,419.11586817611453,801.4727365281007
66.0,1711.876789860702,356.7214106890957,2197.599357304489
67.0,1272.568136634677,399.3990235169982,804.6723212344391
67.0,1269.9705734788793,421.13508437860446,799.0797999281629
67.0,1711.876789860702,356.7214106890957,2197.599357304489
68.0,1272.568136634677,399.3990235169982,804.6723212344391
68.0,1269.9705734788793,421.13508437860446,799.0797999281629
68.0,1711.876789860702,356.7214106890957,2197.599357304489
69.0,1272.568136634677,399.3990235169982,804.6723212344391
69.0,1269.9705734788793,421.13508437860446,799.0797999281629
69.0,1711.876789860702,356.7214106890957,2197.599357304489
70.0,1272.568136634677,399.3990235169982,804.6723212344391
70.0,1269.9705734788793,421.13508437860446,799.0797999281629
71.0,1272.568136634677,399.3990235169982,804.6723212344391
71.0,1269.9705734788793,421.13508437860446,799.0797999281629
72.0,1269.9705734788793,421.13508437860446,799.0797999281629
72.0,1273.3985919962017,402.4586619899252,806.3439656082137
73.0,1269.9705734788793,421.13508437860446,799.0797999281629
73.0,1273.3985919962017,402.4586619899252,806.3439656082137
74.0,1269.9705734788793,421.13508437860446,799.0797999281629
74.0,1273.3985919962017,402.4586619899252,806.3439656082137
74.0,1709.4667590481451,360.2110375046148,2196.585695038315
75.0,1269.9705734788793,421.13508437860446,799.0797999281629
75.0,1277.768482070579,404.15805830932305,809.9154028651748
75.0,1709.4667590481451,360.2110375046148,2196.585695038315
75.0,1369.2221304018212,403.81089033224544,825.9770727565632
76.0,1269.9705734788793,421.13508437860446,799.0797999281629
76.0,1277.768482070579,404.15805830932305,809.9154028651748
76.0,1709.4667590481451,360.2110375046148,2196.585695038315
76.0,1316.3404590941384,403.1475927507652,819.8577114355861
77.0,1269.9705734788793,421.13508437860446,799.0797999281629
77.0,1277.768482070579,404.15805830932305,809.9154028651748
77.0,1709.4667590481451,360.2110375046148,2196.585695038315
77.0,1276.4104183584336,419.5395733778076,801.0941079546025
77.0,1316.3404590941384,403.1475927507652,819.8577114355861
78.0,1274.9183215960372,423.8639532889272,801.9890094644433
78.0,1277.768482070579,404.15805830932305,809.9154028651748
78.0,1708.590460725926,367.7544401273205,2198.0728093171565
78.0,1276.4104183584336,419.5395733778076,801.0941079546025
78.0,1316.3404590941384,403.1475927507652,819.8577114355861
79.0,1274.9183215960372,423.8639532889272,801.9890094644433
79.0,1277.768482070579,404.15805830932305,809.9154028651748
79.0,1708.590460725926,367.7544401273205,2198.0728093171565
79.0,1276.4104183584336,419.5395733778076,801.0941079546025
79.0,1316.3404590941384,403.1475927507652,819.8577114355861
80.0,1274.9183215960372,423.8639532889272,801.9890094644433
80.0,1277.768482070579,404.15805830932305,809.9154028651748
80.0,1708.590460725926,367.7544401273205,2198.0728093171565
80.0,1276.4104183584336,419.5395733778076,801.0941079546025
80.0,1316.3404590941384,403.1475927507652,819.8577114355861
81.0,1274.9183215960372,423.8639532889272,801.9890094644433
81.0,1277.768482070579,404.15805830932305,809.9154028651748
81.0,1708.590460725926,367.7544401273205,2198.0728093171565
81.0,1276.4104183584336,419.5395733778076,801.0941079546025
81.0,1316.3404590941384,403.1475927507652,819.8577114355861
82.0,1708.590460725926,367.7544401273205,2198.0728093171565
82.0,1277.768482070579,404.15805830932305,809.9154028651748
82.0,1276.4104183584336,419.5395733778076,801.0941079546025
82.0,1316.3404590941384,403.1475927507652,819.8577114355861
83.0,1708.590460725926,367.7544401273205,2198.0728093171565
83.0,1277.768482070579,404.15805830932305,809.9154028651748
83.0,1276.4104183584336,419.5395733778076,801.0941079546025
83.0,1296.1984291898448,400.1019166960255,809.7833408904439
84.0,1314.083361849714,403.5859566333436,823.9444782094666
84.0,1277.768482070579,404.15805830932305,809.9154028651748
84.0,1708.590460725926,367.7544401273205,2198.0728093171565
84.0,1276.4104183584336,419.5395733778076,801.0941079546025
84.0,1316.3404590941384,403.1475927507652,819.8577114355861
85.0,1708.590460725926,367.7544401273205,2198.0728093171565
85.0,1277.768482070579,404.15805830932305,809.9154028651748
85.0,1284.3614430960479,402.44814724178366,809.511842555473
85.0,1276.4104183584336,419.5395733778076,801.0941079546025
86.0,1277.768482070579,404.15805830932305,809.9154028651748
86.0,1698.5689963790949,356.55690362678,2197.235511609427
86.0,1284.3614430960479,402.44814724178366,809.511842555473
86.0,1276.4104183584336,419.5395733778076,801.0941079546025
86.0,1333.18803091835,401.1147963562804,821.1251475667814
87.0,1277.768482070579,404.15805830932305,809.9154028651748
87.0,1698.5689963790949,356.55690362678,2197.235511609427
87.0,1280.5916385731077,398.09191620413566,801.4986359438999
87.0,1276.4104183584336,419.5395733778076,801.0941079546025
88.0,1277.768482070579,404.15805830932305,809.9154028651748
88.0,1698.5689963790949,356.55690362678,2197.235511609427
88.0,1280.5916385731077,398.09191620413566,801.4986359438999
88.0,1276.4104183584336,419.5395733778076,801.0941079546025
89.0,1277.768482070579,404.15805830932305,809.9154028651748
89.0,1698.5689963790949,356.55690362678,2197.235511609427
89.0,1280.5916385731077,398.09191620413566,801.4986359438999
89.0,1276.4104183584336,419.5395733778076,801.0941079546025
90.0,1277.768482070579,404.15805830932305,809.9154028651748
90.0,1698.5689963790949,356.55690362678,2197.235511609427
90.0,1280.5916385731077,398.09191620413566,801.4986359438999
90.0,1276.4104183584336,419.5395733778076,801.0941079546025
91.0,1699.5135776644552,356.23931499444836,2197.06120958464
91.0,1278.4260224212733,396.63172064144095,800.1526699929734
91.0,1276.4104183584336,419.5395733778076,801.0941079546025
92.0,1699.5135776644552,356.23931499444836,2197.06120958464
92.0,1278.4260224212733,396.63172064144095,800.1526699929734
92.0,1276.4104183584336,419.5395733778076,801.0941079546025
93.0,1699.5135776644552,356.23931499444836,2197.06120958464
93.0,1278.4260224212733,396.63172064144095,800.1526699929734
93.0,1276.4104183584336,419.5395733778076,801.0941079546025
94.0,1278.4260224212733,396.63172064144095,800.1526699929734
94.0,1708.590460725926,367.7544401273205,2198.0728093171565
94.0,1275.3293076858297,398.75911090167847,803.2378367349152
94.0,1276.4104183584336,419.5395733778076,801.0941079546025
95.0,1708.590460725926,367.7544401273205,2198.0728093171565
95.0,1278.4260224212733,396.63172064144095,800.1526699929734
95.0,1275.3293076858297,398.75911090167847,803.2378367349152
95.0,1276.4104183584336,419.5395733778076,801.0941079546025
96.0,1708.590460725926,367.7544401273205,2198.0728093171565
96.0,1278.4260224212733,396.63172064144095,800.1526699929734
96.0,1275.3293076858297,398.75911090167847,803.2378367349152
96.0,1276.4104183584336,419.5395733778076,801.0941079546025
97.0,1708.590460725926,367.7544401273205,2198.0728093171565
97.0,1278.4260224212733,396.63172064144095,800.1526699929734
97.0,1275.3293076858297,398.75911090167847,803.2378367349152
97.0,1276.4104183584336,419.5395733778076,801.0941079546025
98.0,1708.590460725926,367.7544401273205,2198.0728093171565
98.0,1278.4260224212733,396.63172064144095,800.1526699929734
98.0,1275.3293076858297,398.75911090167847,803.2378367349152
98.0,1735.144756156672,359.0129813413407,2197.314313255018
98.0,1276.4104183584336,419.5395733778076,801.0941079546025
99.0,1274.1708432102087,398.4773885979281,804.3213843538102
99.0,1278.4260224212733,396.63172064144095,800.1526699929734
99.0,1275.3293076858297,398.75911090167847,803.2378367349152
99.0,1699.5135776644552,356.23931499444836,2197.06120958464
99.0,1276.4104183584336,419.5395733778076,801.0941079546025
100.0,1274.1708432102087,398.4773885979281,804.3213843538102
100.0,1291.5239437249618,397.3268520468819,807.8624469942835
100.0,1275.3293076858297,398.75911090167847,803.2378367349152
100.0,1699.5135776644552,356.23931499444836,2197.06120958464
100.0,1276.4104183584336,419.5395733778076,801.0941079546025
100.0,1274.3026187387734,397.84713398782856,804.4145508235559
101.0,1274.1708432102087,398.4773885979281,804.3213843538102
101.0,1273.878854083929,400.3897532210326,808.093389762261
101.0,1291.5239437249618,397.3268520468819,807.8624469942835
101.0,1275.3293076858297,398.75911090167847,803.2378367349152
101.0,1699.5135776644552,356.23931499444836,2197.06120958464
101.0,1276.4104183584336,419.5395733778076,801.0941079546025
101.0,1274.3026187387734,397.84713398782856,804.4145508235559
102.0,1274.1708432102087,398.4773885979281,804.3213843538102
102.0,1273.878854083929,400.3897532210326,808.093389762261
102.0,1291.5239437249618,397.3268520468819,807.8624469942835
102.0,1275.3293076858297,398.75911090167847,803.2378367349152
102.0,1699.5135776644552,356.23931499444836,2197.06120958464
102.0,1276.4104183584336,419.5395733778076,801.0941079546025
102.0,1274.3026187387734,397.84713398782856,804.4145508235559
103.0,1274.1708432102087,398.4773885979281,804.3213843538102
103.0,1273.878854083929,400.3897532210326,808.093389762261
103.0,1303.163967657643,396.99719263793844,804.1340861819864
103.0,1275.3293076858297,398.75911090167847,803.2378367349152
103.0,1699.5135776644552,356.23931499444836,2197.06120958464
103.0,1276.4104183584336,419.5395733778076,801.0941079546025
103.0,1274.3026187387734,397.84713398782856,804.4145508235559
104.0,1274.1708432102087,398.4773885979281,804.3213843538102
104.0,1276.4104183584336,419.5395733778076,801.0941079546025
104.0,1303.163967657643,396.99719263793844,804.1340861819864
104.0,1742.3230160966325,359.6438964783619,2196.183827400299
104.0,1275.3293076858297,398.75911090167847,803.2378367349152
104.0,1699.5135776644552,356.23931499444836,2197.06120958464
104.0,1273.1502788231214,398.760098775194,805.0058791177754
104.0,1274.3026187387734,397.84713398782856,804.4145508235559
105.0,1274.1708432102087,398.4773885979281,804.3213843538102
105.0,1276.4104183584336,419.5395733778076,801.0941079546025
105.0,1303.163967657643,396.99719263793844,804.1340861819864
105.0,1742.3230160966325,359.6438964783619,2196.183827400299
105.0,1699.5135776644552,356.23931499444836,2197.06120958464
105.0,1273.1502788231214,398.760098775194,805.0058791177754
105.0,1274.3026187387734,397.84713398782856,804.4145508235559
106.0,1274.1708432102087,398.4773885979281,804.3213843538102
106.0,1276.4104183584336,419.5395733778076,801.0941079546025
106.0,1303.163967657643,396.99719263793844,804.1340861819864
106.0,1742.3230160966325,359.6438964783619,2196.183827400299
106.0,1699.5135776644552,356.23931499444836,2197.06120958464
106.0,1273.1502788231214,398.760098775194,805.0058791177754
106.0,1274.3026187387734,397.84713398782856,804.4145508235559
107.0,1742.3230160966325,359.6438964783619,2196.183827400299
107.0,1303.163967657643,396.99719263793844,804.1340861819864
107.0,1272.5270525882215,419.48856918249817,800.6922510757187
107.0,1274.1708432102087,398.4773885979281,804.3213843538102
107.0,1699.5135776644552,356.23931499444836,2197.06120958464
107.0,1273.1502788231214,398.760098775194,805.0058791177754
107.0,1274.3026187387734,397.84713398782856,804.4145508235559
108.0,1271.5045840354403,396.4406938605478,799.4888549310963
108.0,1742.3230160966325,359.6438964783619,2196.183827400299
108.0,1699.5135776644552,356.23931499444836,2197.06120958464
109.0,1271.5045840354403,396.4406938605478,799.4888549310963
109.0,1291.50885448657,396.3665053584012,801.702579661707
109.0,1270.8583378815895,396.7323155570539,801.4380763939307
109.0,1742.3230160966325,359.6438964783619,2196.183827400299
109.0,1699.5135776644552,356.23931499444836,2197.06120958464
110.0,1271.5045840354403,396.4406938605478,799.4888549310963
110.0,1291.50885448657,396.3665053584012,801.702579661707
110.0,1270.8583378815895,396.7323155570539,801.4380763939307
110.0,1742.3230160966325,359.6438964783619,2196.183827400299
110.0,1699.5135776644552,356.23931499444836,2197.06120958464
111.0,1271.5045840354403,396.4406938605478,799.4888549310963
111.0,1291.50885448657,396.3665053584012,801.702579661707
111.0,1290.2341721213816,396.169253250321,808.1987104405831
111.0,1742.3230160966325,359.6438964783619,2196.183827400299
111.0,1699.5135776644552,356.23931499444836,2197.06120958464
112.0,1271.5045840354403,396.4406938605478,799.4888549310963
112.0,1291.50885448657,396.3665053584012,801.702579661707
112.0,1290.2341721213816,396.169253250321,808.1987104405831
112.0,1742.3230160966325,359.6438964783619,2196.183827400299
112.0,1699.5135776644552,356.23931499444836,2197.06120958464
113.0,1271.5045840354403,396.4406938605478,799.4888549310963
113.0,1291.50885448657,396.3665053584012,801.702579661707
113.0,1290.2341721213816,396.169253250321,808.1987104405831
113.0,1742.3230160966325,359.6438964783619,2196.183827400299
113.0,1699.5135776644552,356.23931499444836,2197.06120958464
114.0,1271.5045840354403,396.4406938605478,799.4888549310963
114.0,1272.525148422527,396.157983683282,798.8043601671311
114.0,1742.3230160966325,359.6438964783619,2196.183827400299
114.0,1699.5135776644552,356.23931499444836,2197.06120958464
